ID	LABEL	OLD_VALUES	OLD_FIELDS	Parents	subset	cob_parent	obo_exact_match	xref_ontology	xref_literature_doi	nico_comment	definition	applicable_to	additional_information	abbreviation	has_exact_synonym	has_related_synonym	has_narrow_synonym	has_broad_synonym	xref_synonym	github_issue_link	contributors	contributor_orcid	Decision_OT_Team	Ontology_OT_remarks	Ontology_person	Decision_OT_Team	New_definition_file_link
ID	LABEL			SC %				A oboInOwl:hasDbXref			A IAO:0000115									AT IAO:0000233^^xsd:anyUri SPLIT=;		AI dc:contributor SPLIT=;					
TOSO:0000001	Order		Order		taxonomy																		remove_from_ontology	Cibele: I am not sure how or if there is need to link the taxonomic rank to our classes. I would remove this from ontology	n/a	wont_use	
TOSO:0000002	Family		Family		taxonomy																		remove_from_ontology	see above	n/a	wont_use	
TOSO:0000003	Genus		Genus		taxonomy																		remove_from_ontology	see above	n/a	wont_use	
TOSO:0000004	Species		species		taxonomy																		remove_from_ontology	see above	n/a	wont_use	
TOSO:0000005	Reproductive quality				Organismal quality	characteristic		PATO:0001434			An organismal quality inhering in a bearer by virtue of the bearer's ability to produce new life or offspring.	individual;population;species											existing-ontology-definition	Cibele: This will be our anchor to PATO for any reproductive characteristic that is "immaterial", until we have a better tree (CSC 23Apr2026)			
TOSO:0000006	Sexual system		Sexual system	Reproductive quality	Reproductive quality	characteristic			10.1038/sdata.2014.15		Morphological pattern of sex allocation or distribution of male and female function across individuals in a species.	part;individual;population;species	Alternative defined as: A pattern of sex allocation or a distribution of male and female function across organisms in a species (GSSO_011864); and An organismal quality inhering in a bearer by virtue of the organization of the systems of organs involved with sexual reproduction amongst the bearer's conspecifics (ECOCORE_00000061).							https://github.com/Tree-of-Sex/ToS-Ontology/issues/41	Sonia Garcia;Kamil Jaron;Nicole Valenzuela	https://orcid.org/0000-0001-5370-2370;https://orcid.org/0000-0003-1470-5450;https://orcid.org/0000-0003-1148-631X	ToS_new_definition, exsting-ontology-as-comment	Cibele: There are 2 existing definitions, 1 of each is almost identical to ours. Should we compromise and shift to reuse one of them as is?			
TOSO:0000007	Hermaphroditism	hermaphrodite	Sexual system_value	Sexual system	Reproductive quality	characteristic			10.1038/sdata.2014.15		A sexual system where both male and female sex organs are present.	part;individual;population;species								https://github.com/Tree-of-Sex/ToS-Ontology/issues/37;https://github.com/Tree-of-Sex/ToS-Ontology/issues/99	Chiara Benvenuto;Kamil Jaron;Jennifer Gresham;Alexandr Sember;Lukáš Kratochvíl;Joan Pere Pascual-Díaz;Caitlin McDonough-Goldstein	https://orcid.org/0000-0002-8378-8168;https://orcid.org/0000-0003-1470-5450;https://orcid.org/0000-0002-6085-3908;https://orcid.org/0000-0003-4441-9615;https://orcid.org/0000-0002-3515-729X;https://orcid.org/0000-0002-5984-6815;https://orcid.org/0000-0001-8949-7479	ToS_new_definition				
TOSO:0000008	Simultaneous hermaphroditism			Hermaphroditism	Reproductive quality	characteristic														https://github.com/Tree-of-Sex/ToS-Ontology/issues/41;https://github.com/Tree-of-Sex/ToS-Ontology/issues/99	Kamil Jaron;	https://orcid.org/0000-0003-1470-5450;					
TOSO:0000009	Sequential hermaphroditism			Hermaphroditism	Reproductive quality	characteristic										 dichogamy				https://github.com/Tree-of-Sex/ToS-Ontology/issues/41;https://github.com/Tree-of-Sex/ToS-Ontology/issues/99	Kamil Jaron;	https://orcid.org/0000-0003-1470-5450;					
TOSO:0000010	bidirectional sex-change			Sequential hermaphroditism	Reproductive quality	characteristic														https://github.com/Tree-of-Sex/ToS-Ontology/issues/41;https://github.com/Tree-of-Sex/ToS-Ontology/issues/99	Kamil Jaron;	https://orcid.org/0000-0003-1470-5450;					
TOSO:0000011	protandry			Sequential hermaphroditism	Reproductive quality	characteristic														https://github.com/Tree-of-Sex/ToS-Ontology/issues/41;https://github.com/Tree-of-Sex/ToS-Ontology/issues/99	Kamil Jaron;	https://orcid.org/0000-0003-1470-5450;					
TOSO:0000012	protogyny			Sequential hermaphroditism	Reproductive quality	characteristic														https://github.com/Tree-of-Sex/ToS-Ontology/issues/41;https://github.com/Tree-of-Sex/ToS-Ontology/issues/99	Kamil Jaron;	https://orcid.org/0000-0003-1470-5450;					
TOSO:0000013	Obligate hermaphroditism			Hermaphroditism	Reproductive quality	characteristic														https://github.com/Tree-of-Sex/ToS-Ontology/issues/41;https://github.com/Tree-of-Sex/ToS-Ontology/issues/99	Kamil Jaron;	https://orcid.org/0000-0003-1470-5450;					
TOSO:0000014	Facultative hermaphroditism			Hermaphroditism	Reproductive quality	characteristic														https://github.com/Tree-of-Sex/ToS-Ontology/issues/41;https://github.com/Tree-of-Sex/ToS-Ontology/issues/99	Kamil Jaron;	https://orcid.org/0000-0003-1470-5450;					
TOSO:0000015	Monoecy	monoecy	Sexual system_value	Sexual system	Reproductive quality	characteristic			10.1038/sdata.2014.15		A sexual system in which plants have separate male and female flowers on the same plant.	individual;population;sepcies;taxon-specific	Other proposed definition is "A sexual system in which male and female sexual organs are present on the same organism.", which generalizes the definition and can be used as synonym to hermaphroditism. In GSSO:011868, the definition is even more detailed, preventing its use for ToS.							https://github.com/Tree-of-Sex/ToS-Ontology/issues/37;https://github.com/Tree-of-Sex/ToS-Ontology/issues/14;https://github.com/Tree-of-Sex/ToS-Ontology/issues/41	Giulia Lin;Jennifer Gresham;Kamil Jaron;Caitlin McDonough-Goldstein;Nicole Valenzuela	https://orcid.org/0000-0001-8778-2110;https://orcid.org/0000-0002-6085-3908;https://orcid.org/0000-0003-1470-5450;https://orcid.org/0000-0001-8949-7479;https://orcid.org/0000-0003-1148-631X	ToS_new_definition, exsting-ontology-as-comment				
TOSO:0000016	Dioecy	dioecy	Sexual system_value	Sexual system	Reproductive quality	characteristic			10.1038/sdata.2014.15		A sexual system of plants in which all individuals in a population are either female or male.	population;species;taxon-specific				gonochorism				https://github.com/Tree-of-Sex/ToS-Ontology/issues/37;https://github.com/Tree-of-Sex/ToS-Ontology/issues/41;https://github.com/Tree-of-Sex/ToS-Ontology/issues/25	Caitlin McDonough-Goldstein;Kamil Jaron;Nicole Valenzuela	https://orcid.org/0000-0001-8949-7479;https://orcid.org/0000-0003-1470-5450;https://orcid.org/0000-0003-1148-631X	ToS_new_definition, needs-conflict-solving	Definition versus additional info need to be decided			
TOSO:0000017	Gonochorism			Sexual system	Reproductive quality	characteristic			10.1038/sdata.2014.15		A sexual system in which anisogamous (different) gametes are produced in separate individuals.	population;species;taxon-specific	Typically refers to animals; Restricted to anisogamous species; Alternative definition as a sexual system of animals in which all individuals in a population are either female or male. Alternative definition 2 as Sexual system in which individuals produce a single gamete type (sperm or eggs). See discussion at https://github.com/Tree-of-Sex/ToS-Ontology/issues/25			dioecy				https://github.com/Tree-of-Sex/ToS-Ontology/issues/41;https://github.com/Tree-of-Sex/ToS-Ontology/issues/25	Caitlin McDonough-Goldstein;Kamil Jaron;Nicole Valenzuela	https://orcid.org/0000-0001-8949-7479;https://orcid.org/0000-0003-1470-5450;https://orcid.org/0000-0003-1148-631X	ToS_new_definition, needs-conflict-solving	Definition versus additional info need to be decided. Could we just remove the anisogamous part and just say "different gametes"? are we basing the definition in diferent sexes, diferent gametes or diferent gamete sizes or none?			
TOSO:0000018	Gynodioecy	gynodioecy	Sexual system_value	Sexual system	Reproductive quality	characteristic		GSSO:011873	10.1038/sdata.2014.15		A sexual system in which females and hermaphroditic plants coexist in the same population.	population;species	Additional context: used mostly in plants, but occurs in animals too, specifically fish, corals and sponges.							https://github.com/Tree-of-Sex/ToS-Ontology/issues/37;https://github.com/Tree-of-Sex/ToS-Ontology/issues/41; https://github.com/Tree-of-Sex/ToS-Ontology/issues/12	Radim Čegan;Kamil Jaron;Nicole Valenzuela;Jennifer Gresham;	https://orcid.org/0000-0002-6789-6564;https://orcid.org/0000-0003-1470-5450;https://orcid.org/0000-0003-1148-631X;https://orcid.org/0000-0002-6085-3908	existing-ontology-definition, ToS_new_definition, needs-conflict-solving	add Hermaphroditism as parent when multuple values are allowed. Option 1: Textual definition A sexual system in which females and hermaphrodites coexist within a population.  Option 2:  Textual definition A sexual system in which females and hermaphrodites coexist.  Note: At ToS meeting, we had extensive discussion of whether this should be specific to level of species or population or applicable to both. I think we landed on population (option 1), but I could see the argument for more general use (option 2).			
TOSO:0000019	Androdioecy	androdioecy	Sexual system_value	Sexual system	Reproductive quality	characteristic		GSSO:011874	10.1038/sdata.2014.15		A sexual system in which males and hermaphrodites coexist in a population.	individual;population;species	Additional context: can be present in animals and plants. When in plants, refer to individuals, and that includes either individual hermaphroditic plants with separate male and female flowers as well as individual hermaphroditic plants with hermaphroditic (bisexual) flowers. 							https://github.com/Tree-of-Sex/ToS-Ontology/issues/92;https://github.com/Tree-of-Sex/ToS-Ontology/issues/41;https://github.com/Tree-of-Sex/ToS-Ontology/issues/33	Kamil Jaron;Caitlin McDonough-Goldstein;Andrew Mongue;Nicole Valenzuela	https://orcid.org/0000-0001-8949-7479;https://orcid.org/0000-0002-8487-9248;https://orcid.org/0000-0003-1148-631X	existing-ontology-definition, ToS_new_definition, needs-conflict-solving	We need to decide if this would be a reuse and ask changes in the reused ontology - comments field or just create as own and modify comments. add Facultative hermaphroditism as parent when multiple values are allowed. See also discussion on if this is or not taxon-restrivted. 			
TOSO:0000020	Gynomonoecy	gynomonoecy	Sexual system_value	Sexual system	Reproductive quality	characteristic			10.1038/sdata.2014.15		A sexual system in which female and hermaphrodite flowers are present within a plant.	individual;population;species;taxon-specific	A similar definition present in GSSO:011869 was considered not worded as wanted by the ToS consortium. A sexual system in which the presence of both female and hermaphrodite flowers on the same individual of a plant species. See discussion in https://github.com/Tree-of-Sex/ToS-Ontology/issues/37: Gynomonoecy (individual) is a hermaphrodite (individual) with both female (part) flowers and hermpahrodite (part) flowers on the same plant  Gynomonoecy (sexual system) is sexual system in which there are only gynomonoecy (individual) plants in a population							https://github.com/Tree-of-Sex/ToS-Ontology/issues/37;https://github.com/Tree-of-Sex/ToS-Ontology/issues/41;https://github.com/Tree-of-Sex/ToS-Ontology/issues/37	Sonia Garcia;Chiara Benvenuto;Kamil Jaron;Nicole Valenzuela;Caitlin McDonough-Goldstein	https://orcid.org/0000-0003-1470-5450;https://orcid.org/0000-0002-8378-8168;https://orcid.org/0000-0003-1470-5450;https://orcid.org/0000-0003-1148-631X;https://orcid.org/0000-0001-8949-7479	ToS_new_definition	add Facultative hermaphroditism as parent when multiple values are allowed			
TOSO:0000021	Andromonoecy	andromonoecy	Sexual system_value	Sexual system	Reproductive quality	characteristic			10.1038/sdata.2014.15		A sexual system in which in which male and hermaphrodite flowers are present within a plant.	individual;population;species;taxon-specific	A similar definition present in GSSO:011870: A rare sexual system in angiosperms, in which a plant has both male and hermaphroditic flowers 							https://github.com/Tree-of-Sex/ToS-Ontology/issues/37;https://github.com/Tree-of-Sex/ToS-Ontology/issues/41;https://github.com/Tree-of-Sex/ToS-Ontology/issues/39	Sonia Garcia;Chiara Benvenuto;Kamil Jaron;Nicole Valenzuela;Caitlin McDonough-Goldstein	https://orcid.org/0000-0003-1470-5450;https://orcid.org/0000-0002-8378-8168;https://orcid.org/0000-0003-1470-5450;https://orcid.org/0000-0003-1148-631X;https://orcid.org/0000-0001-8949-7479	ToS_new_definition				
TOSO:0000022	Polygamodioecy	polygamodioecy	Sexual system_value	Sexual system	Reproductive quality	characteristic			10.1038/sdata.2014.15		A sexual system in which male, female, and hermaphrodite plants present in a population.	individual;population;species;taxon-specific	Alternative definition by OOT: A sexual system in which some individuals of a species have both bisexual (both sex roles) flowers and male-only flowers on, and other individuals have both bisexual and female-only flowers.							https://github.com/Tree-of-Sex/ToS-Ontology/issues/62;https://github.com/Tree-of-Sex/ToS-Ontology/issues/37;https://github.com/Tree-of-Sex/ToS-Ontology/issues/41	Daniel Jeffries;Kamil Jaron;Nicole Valenzuela	https://orcid.org/0000-0003-1701-3978;https://orcid.org/0000-0003-1470-5450;https://orcid.org/0000-0003-1148-631X	ToS_new_definition				
TOSO:0000023	Polygamomonoecy	polygamomonoecy	Sexual system_value	Sexual system	Reproductive quality	characteristic		GSSO:011864	10.1038/sdata.2014.15		A sexual system in which male, female, and hermaphrodite flowers are present within a plant.	individual;taxon-specific			trimonoecy					https://github.com/Tree-of-Sex/ToS-Ontology/issues/37;https://github.com/Tree-of-Sex/ToS-Ontology/issues/41	Daniel Jeffries;Kamil Jaron;Nicole Valenzuela	https://orcid.org/0000-0003-1701-3978;https://orcid.org/0000-0003-1470-5450;https://orcid.org/0000-0003-1148-631X	existing-ontology-definition	in GSSO ontology, parent term is "monomorphic sexual system", which implies that trimonecious individuals are only in populations where ALL individuals have the same mating system. I feel that this is an unnecessary qualification, and so suggest we skip this parent term and use the one above in the GSSO ontology (Sexual system)			
TOSO:0000024	Asexual system			Reproductive quality	Reproductive quality																Kamil Jaron	https://orcid.org/0000-0003-1470-5450;					
TOSO:0000025	Apomixis	apomictic	Sexual system_value	Asexual system	Reproductive quality	characteristic		OMIT:0027849								asexual				https://github.com/Tree-of-Sex/ToS-Ontology/issues/37;https://github.com/Tree-of-Sex/ToS-Ontology/issues/41				We should call it "apomixis (sensu plantae)"	Kamil Jaron	use-synonym	
TOSO:0000026	Parthenogenesis	parthenogenetic	Sexual system_value	Asexual system	Reproductive quality	characteristic		OMIT:0011307												https://github.com/Tree-of-Sex/ToS-Ontology/issues/41				Ok, here is a question - can we add crosslinks between two imported terms? apomixis should be synonim of parthenogenesis (I guess). ANd they should be also equipped with "obligate quantifier". E.g. we can reuse the terms, but it would be nice to build more on them	Kamil Jaron	use-synonym	
TOSO:0000027	Obligate parthenogenesis			Parthenogenesis	Reproductive quality	characteristic																					
TOSO:0000028	Gynogenesis			Asexual system	Reproductive quality	characteristic																					
TOSO:0000029	Hermaphrodite	hermaphrodite	Sexual system_value		has quality	cellular organism			10.1038/sdata.2014.15		A quality where both male and female sex organs are present in a biological entity 	part;individual;population;species				hermaphroditism				https://github.com/Tree-of-Sex/ToS-Ontology/issues/37;https://github.com/Tree-of-Sex/ToS-Ontology/issues/41	Chiara; lukas		ToS_new_definition	Cibele: hermaphrodite has a condition but hermaphroditism is the condition - how is the bestway to describe this in an ontology?               Alternative definition provided by Lukas in https://github.com/Tree-of-Sex/ToS-Ontology/issues/99: "a condition in which an individual organism possesses both male and female reproductive organs or tissues, allowing for the development of both male and female gametes (eggs and sperm)."			
TOSO:0000030	Hermaphrodite individual			Hermaphrodite	has quality	cellular organism			10.1038/sdata.2014.15		Individual that contains both male and female sex organs.	individual	issue https://github.com/Tree-of-Sex/ToS-Ontology/issues/41 brings alternative definition: A multicellular sexually reproducing organism that can produce both viable male and female gametes during its lifetime.							https://github.com/Tree-of-Sex/ToS-Ontology/issues/37;https://github.com/Tree-of-Sex/ToS-Ontology/issues/41			ToS_new_definition				
TOSO:0000031	Hermaphrodite flower			Hermaphrodite	has_quality	plant anatomical entity			10.1038/sdata.2014.15		Flower that contains both male and female sex organs	part								https://github.com/Tree-of-Sex/ToS-Ontology/issues/37;https://github.com/Tree-of-Sex/ToS-Ontology/issues/41			ToS_new_definition				
TOSO:0000032	Gynomonoecious indivudual			Hermaphrodite	has_quality	cellular organism			10.1038/sdata.2014.15		A hermaphrodite (individual) with both female (part) flowers and hermpahrodite (part) flowers on the same plant										Nicole;Caitlin						
TOSO:0000033																											
TOSO:0000034	Gonochorous	gonochorous	Sexual system_value		has_quality	cellular organism														https://github.com/Tree-of-Sex/ToS-Ontology/issues/37;https://github.com/Tree-of-Sex/ToS-Ontology/issues/41							
TOSO:0000035	Parthenogenetic	parthenogenetic	Sexual system_value		has_quality	cellular organism														https://github.com/Tree-of-Sex/ToS-Ontology/issues/41							
TOSO:0000036	Sex determination																										
TOSO:0000037	Genotypic sex determination		Genotypic	Sex determination				GSSO:000108		had to remove the (GSD) in brackets. If you want it, add it everywhere (in parents AND label columns)				GSD										Edina: I just added the link for the purpose of the ToS2 workshop	Lukáš Kratochvíl;Edina	use-main_term	
TOSO:0000038	Male heterogametic sex determination	male heterogametic	Genotypic_value	Genotypic sex determination																					Lukáš Kratochvíl		
TOSO:0000039	Female heterogametic sex determination	female heterogametic	Genotypic_value	Genotypic sex determination																					Lukáš Kratochvíl		
TOSO:0000040	Polygenic	polygenic	Genotypic_value	Genotypic sex determination				GENO:0000932																Edina: maybe call it "polygenic sex determination" instead?; I just added the link for the purpose of the ToS2 workshop, but I think the definition is not specific enough.	Edina	use-synonym	
TOSO:0000041	Haplodiploidy		Haplodiploidy	Genotypic sex determination				GSSO:000121																Edina: I just added the link for the purpose of the ToS2 workshop	Edina	use-main_term	
TOSO:0000042	Arrhenotoky	arrhenotoky	Haplodiploidy_value	Haplodiploidy																							
TOSO:0000043	Paternal genome elimination	paternal genome elimination	Haplodiploidy_value	Haplodiploidy																							
TOSO:0000044	Environmental sex determination		Environmental sex determination (ESD)	Sex determination								Only in vertebrates		ESD											Nicole Valenzuela	create_ToS_definition	environmental_sex_determination_OOT
TOSO:0000045	Temperature-dependent sex determination	TSD	Environmental_value	Environmental sex determination								Only in vertebrates		TSD											Nicole Valenzuela		TSD_OOT
TOSO:0000046	Temperature-dependent sex determination (TSD Ia; MF)	TSD Ia	Environmental_value	Temperature-dependent sex determination								Only in vertebrates												Edina: No definition in OLS.	Edina	create_ToS_definition	FM_TSD_Ia_OOT
TOSO:0000047	Temperature-dependent sex determination (TSD Ib; FM)	,TSD Ib	Environmental_value	Temperature-dependent sex determination								Only in vertebrates												Edina: No definition in OLS.	Edina	create_ToS_definition	MF_TSD_Ib_OOT
TOSO:0000048	Temperature-dependent sex determination (TSD II; MFM)	,TSD II	Environmental_value	Temperature-dependent sex determination								Only in vertebrates												Edina: No definition in OLS.	Edina	create_ToS_definition	FMF_TSD_II_OOT
TOSO:0000049	Complex temperature-dependent sex determination			Temperature-dependent sex determination											Complex TSD												
TOSO:0000050	Size-dependent sex determination	size	Environmental_value	Environmental sex determination				NCIT:C25681|NCIT:C45781				Only in vertebrates												Astrid: I assume that the values Column C could be extended?  Column K refers to Column C	Astrid Böhne	use-main_term	
TOSO:0000051	Density-dependent sex determination	density		Environmental sex determination																							
TOSO:0000052	PH-dependent sex determination	pH	Environmental_value	Environmental sex determination				NCIT:C45997				Only in vertebrates												Astrid: Couldnt this be listed as a value under the same category above? For the Ontology, I can of course find one that defines pH but is this what you are looking for?  Column K refers to Column C	Astrid Böhne	use-main_term	
TOSO:0000053	Polyfactorial sex determination	yes,no	Polyfactorial	Sex determination				null				Only in vertebrates												Astrid: should not only be applicable to vertebrates, I hence chose "needs conflict solving" but not sure this is what you meant, also I am unsure what to select in column J, this would also need a new ontology definition for the term polyfactorial	Astrid Böhne	needs-conflict-solving	
TOSO:0000054	Molecular type of sex determination		Molecular basis of sex determination									Only in vertebrates and plants															
TOSO:0000055	Dosage	dosage	Molecular basis of sex determination_value	Molecular type of sex determination								Only in vertebrates and plants															
TOSO:0000056	Y dominant	Y dominant	Molecular basis of sex determination_value	Molecular type of sex determination								Only in vertebrates and plants															
TOSO:0000057	W dominant	W dominant	Molecular basis of sex determination_value	Molecular type of sex determination								Only in vertebrates and plants															
TOSO:0000058	Hybrid		Hybrid									Only for plants															
TOSO:0000059	Selfing ability		Selfing									Only for plants															
TOSO:0000060	Self incompatible	self incompatible	Selfing_value	Selfing ability								Only for plants															
TOSO:0000061	Self compatible	self compatible	Selfing_value	Selfing ability								Only for plants															
TOSO:0000062	Growth Form											Only for plants															
TOSO:0000063	Herb	herb	Growth Form_value	Growth Form								Only for plants															
TOSO:0000064	Shrub	shrub	Growth Form_value	Growth Form								Only for plants															
TOSO:0000065	Tree	tree	Growth Form_value	Growth Form								Only for plants															
TOSO:0000066	Herbaceous vine,	herbaceous vine,	Growth Form_value	Growth Form								Only for plants															
TOSO:0000067	Liana or woody vine	liana or woody vine	Growth Form_value	Growth Form								Only for plants															
TOSO:0000068	Woodiness		Woodiness									Only for plants															
TOSO:0000069	W woodiness	W	Woodiness_value	Woodiness								Only for plants															
TOSO:0000070	H woodiness	H	Woodiness_value	Woodiness								Only for plants															
TOSO:0000071	Variable woodiness	variable	Woodiness_value	Woodiness								Only for plants															
TOSO:0000072	Woodiness count		Woodiness count	Woodiness								Only for plants															
TOSO:0000073	Life form		Life Form									Only for plants															
TOSO:0000074	Annual	annual	Life Form_value	Life form								Only for plants															
TOSO:0000075	Perennial	perennial	Life Form_value	Life form								Only for plants															
TOSO:0000076	Gametophytic chromosome number		gametophytic chromosome number	Chromosome number								Only for plants															
TOSO:0000077	Sporophytic chromosome number		sporophytic chromosome number	Chromosome number								Only for plants															
TOSO:0000078	Gametophytic chromosome number (minimum)		gametophytic chromosome number (minimum)	Chromosome number								Only for plants															
TOSO:0000079	Gametophytic chromosome number (mean)		gametophytic chromosome number (mean)	Chromosome number								Only for plants															
TOSO:0000080	Sporophytic chromosome number (minimum)		sporophytic chromosome number (minimum)	Chromosome number								Only for plants															
TOSO:0000081	Sporophytic chromosome number (mean)		sporophytic chromosome number (mean)	Chromosome number								Only for plants															
TOSO:0000082	Karyotype				property?				10.1002/bmb.110		A collection of features used to describe the chromosomal complement in a cell, including the number of chromosomes and their morphology.	part,individual,species,population	An alternate definition can be found in GENO:0000644, where karyotype is treated as a genotype with agreeable definition but the comments do not met the criteria of applicability to all eukaryotes  							https://github.com/Tree-of-Sex/ToS-Ontology/issues/8	Sònia Garcia;Nicole Valenzuela;Astrid Böhne;Laia Marín Gual;Laura González Rodelas;Cibele Sotero-Caio;Edina Nemesházi;Mark Hibbins;Lukáš Kratochvíl;Lucija Andjel;Alexandr Sember	https://orcid.org/0000-0002-3143-0527;https://orcid.org/0000-0003-1148-631X;https://orcid.org/0000-0002-1284-3115;https://orcid.org/0000-0003-1480-0976;https://orcid.org/0000-0002-3780-5748;https://orcid.org/0000-0002-3112-0000;https://orcid.org/0000-0002-0179-1153;https://orcid.org/0000-0002-4651-3704;https://orcid.org/0000-0002-3515-729X;https://orcid.org/0000-0002-5708-1433;https://orcid.org/0000-0003-4441-9615	ToS_new_definition, exsting-ontology-as-comment	Cibele: Discuss whether we treat karyotype as a collection of features instead of genotype			
TOSO:0000083	Karyotype feature			Karyotype	property?						A feature that can be used to describe a karyotype	part,individual,species,population															
TOSO:0000084	Chromosome number		Chromosome number	Karyotype feature						You had a lot of whitespace around some of your labels. Be careful this is never the case!															Kamil Jaron		
TOSO:0000085	Female chromosome number		Chromosome number (female)	Chromosome number																					Kamil Jaron	create_ToS_definition	
TOSO:0000086	Male chromosome number		Chromosome number (male)	Chromosome number																					Kamil Jaron		
TOSO:0000087	Ploidy		ploidy	Karyotype feature				PATO:0001374																	Kamil Jaron	use-main_term	
TOSO:0000088	Predicted ploidy	(1,2,3,4)	Predicted ploidy	Karyotype feature																					Cibele Sotero Caio	create_ToS_definition	_new_term_template_OOT
TOSO:0000089	Chromosome		Chromosome					PLANA:0002021		This is Planarian specific															Kamil Jaron	use-synonym	
TOSO:0000090	Nuclear chromosome		Nuclear chromosome	Chromosome				GO:0000228																All mentions of chromosomes on ToS 1 refer to nuclear DNA. Should we use this as a synonym for what we call chromosome?	Cibele Sotero Caio	use-synonym	
TOSO:0000091	B chromosome			Nuclear chromosome																							
TOSO:0000092	Sex chromosome		Nuclear chromosome	Nuclear chromosome																							
TOSO:0000093	X chromosome		Sex chromosome	Sex chromosome																							
TOSO:0000094	Y chromosome		Sex chromosome	Sex chromosome																				Kamil: I bumped into GO:0000806 when I researched male/female chromosome counts; Perhpas that could be the way to define the sex chromosome systems "does it have Y?". (maybe irrelevant, just a thought to share, feel free to ignore it)			
TOSO:0000095	Z chromosome		Sex chromosome	Sex chromosome																							
TOSO:0000096	W chromosome		Sex chromosome	Sex chromosome																							
TOSO:0000097	U chromosome			Sex chromosome																							
TOSO:0000098	V chromosome			Sex chromosome																							
TOSO:0000099	Karyotype		Karyotype					GENO:0000644																	Sònia Garcia	use-main_term	
TOSO:0000100	Sex chromosome karyotype			Karyotype																							
TOSO:0000101	ZO	ZO	Karyotype_value	Sex chromosome karyotype																					Sònia Garcia	create_ToS_definition	
TOSO:0000102	ZW	ZW	Karyotype_value	Sex chromosome karyotype																					Lukáš Kratochvíl	create_ToS_definition	
TOSO:0000103	XY	XY	Karyotype_value	Sex chromosome karyotype																					Lukáš Kratochvíl		
TOSO:0000104	XO	XO	Karyotype_value	Sex chromosome karyotype																					Lukáš Kratochvíl		
TOSO:0000105	WO	WO	Karyotype_value	Sex chromosome karyotype																					Lukáš Kratochvíl		
TOSO:0000106	Complex sex chromosome karyotype			Sex chromosome karyotype																							
TOSO:0000107	Complex XY	complex XY	Karyotype_value	Complex sex chromosome karyotype																					Nicole Valenzuela		
TOSO:0000108	Complex ZW	complex ZW	Karyotype_value	Complex sex chromosome karyotype																					Nicole Valenzuela		
TOSO:0000109	Sex chromosome karyotype morphology			Karyotype feature																							
TOSO:0000110	Homomorphic	homomorphic	Karyotype_value	Sex chromosome karyotype morphology																					Nicole Valenzuela		
TOSO:0000111	Heteromorphic			Sex chromosome karyotype morphology																							
TOSO:0000112	Sex chromosome system																										
TOSO:0000113	Heterogamety			Sex chromosome system																							
TOSO:0000114	Male heterogamety			Sex chromosome system																							
TOSO:0000115	Female heterogamety			Sex chromosome system																							